opinion_id;author;recommendation;score;content;pros;cons;helpful;unhelpful;publish_date;purchase_date
20028870;l...i;Polecam;5/5;Słuchawki niezmiennie świetnie. Jeśli ktoś ma AirPods Pro 2 i ma problem z wypadającymi słuchawkami to w 3 problem ten został wyeliminowany. (Zmieniona konstrukcja słuchawki) . Bardzo polecam.;jakość dźwięku, wygląd, wygoda używania;;1;0;2025-10-21 18:56:33;2025-09-21 02:12:04
20315286;p...l;Polecam;5/5;"Parowanie ze sprzetem apple 
Jakość dzwięku w porównaniu z moimi starymi airpods pro 
bateria wydaje sie trzymac krocej niz w starych sluchawkach (gdy je kupiłem) ale to może być moje złudzenie";jakość dźwięku, wygląd, wygoda używania;;0;0;2026-02-20 08:05:33;2026-02-17 10:08:07
20193783;t...m;Polecam;4/5;Wzgledem poprzednigo modelu PRO niewiele sie zmienilo. Moze nawet na niekorzysc. Sposob polaczenia z bluetoofh telefonu zawodzi. Stukanie w pudelko to niefortunne rozwiazanie.;;;0;1;2026-01-02 13:06:39;2025-12-15 11:37:56
20094483;Artur;Polecam;5/5;"wycisza nawet lepiej niz poprzednie Airpodsy.
Slychac wiecej dzwiekow, o ktorych nawet nie podejrzewalem";;;0;0;2025-11-20 17:59:52;2025-09-19 16:25:03
20110332;p...b;Polecam;5/5;Super słuchawki. Bardzo dobra jakośc dżwięku i noise cancelling funkcja. Dobrze trzymają się w uszach.;jakość dźwięku, wygląd, wygoda używania;;0;0;2025-11-28 08:56:24;2025-11-23 07:24:20
20004654;d...n;Polecam;5/5;Świetne wykonanie i jakość dźwięku, świetnie działa redukcja szumu.;jakość dźwięku, wygląd, wygoda używania;;1;0;2025-10-12 17:19:29;2025-10-06 10:32:41
20089914;r...i;Polecam;5/5;Świetne słuchawki tym bardziej jak się ma ekosystem Apple.;;;1;0;2025-11-19 08:07:49;2025-11-02 14:01:52
20252437;Elwira;Nie polecam;0,5/5;Słuchawki to podróby a nie AirPods Pro3. Po sprawdzeniu numeru seryjnego na stronie *****. Okazało sie, że produkt został zakupiony 27 września 2025 r., oszustwo!!!!! To  jakieś nieporozumienie, że nadal może sprzedawać i oszukiwać klientów.;;;0;4;2026-01-28 04:34:58;2026-01-22 08:55:22
20252346;LeszekkLechu;Nie polecam;0,5/5;"Po sprawdzeniu produktu okazało się, że słuchawki nie są oryginalne.
Numer seryjny oraz model nie zgadzają się z danymi widocznymi w ustawieniach iPhone’a 12, a dodatkowo słuchawki nie posiadają funkcji Heart Rate Sensor, która powinna występować w oryginalnym produkcie.

Oznacza to, że otrzymałem/am podróbkę, a produkt jest niezgodny z opisem oferty.";;jakość dźwięku, wygląd, wygoda używania;0;0;2026-01-27 22:35:30;2026-01-25 02:45:16
20356706;z...i;Nie polecam;2,5/5;"Producent nie jest przygotowany na potrzebę przymiarki w jego salonach. Dlaczego - ""by był covid"" xD A wystarczyło mieć taki innowacyjny pomysł jak atrapa, żeby klient gotowy przepłacać za ich produkty mógł włożyć do ucha i poczuć czy jest wygodnie. Ten producent szybuje z wysoka i od lat jest niżej każdego roku.";;;0;0;2026-03-04 20:49:44;2026-02-24 09:41:27
